<?xml version="1.0" encoding="UTF-8"?>
<sc:shoppingCart xmlns:sc="http://www.cadence.com/SPB/shopping_cart" xmlns:xsi="http://www.w3.org/2001/XMLSchema-instance" checksum="0">
	<component cell="led2" library="cndiscrete" partname="LED2" partno="571-0112F" quantity="1" >
		<property name="BOTTOM_COLOR"  value="G"/>
		<property name="PACK_TYPE"  value="A13C24"/>
		<property name="TOP_COLOR"  value="R"/>
		<property name="TYPE"  value="571-0112F"/>
	</component>
	<component cell="24aa025e48" library="cnmemory" partname="24AA025E48" partno="24AA025E48T-I/SN" quantity="1" >
		<property name="PACK_TYPE"  value="SOIC"/>
		<property name="TYPE"  value="24AA025E48T-I/SN"/>
	</component>
	<component cell="74avc8t245" library="cninterface" partname="74AVC8T245" partno="SN74AVC8T245PW" quantity="1" >
		<property name="PACK_TYPE"  value="TSSOP"/>
		<property name="TYPE"  value="SN74AVC8T245PW"/>
	</component>
	<component cell="74lcx04" library="cninterface" partname="74LCX04" partno="74LCX04MTC" quantity="1" >
		<property name="PACK_TYPE"  value="TSSOP"/>
		<property name="TYPE"  value="74LCX04MTC"/>
	</component>
</sc:shoppingCart>
