<?xml version="1.0" encoding="UTF-8"?>
<!--
 This error report was automatically generated
 by  on Wednesday, August 03, 2016 9:20:25 AM
-->
<report version="1">
  <platform>Win32</platform>
  <application>Concepthdl.exe</application>
  <version></version>
  <computer>IT062971</computer>
  <user>phpgb</user>
  <timestamp>1156203264</timestamp>
  <error>
    <what>ACCESS_VIOLATION</what>
    <process>
      <name>conceptHDL.exe</name>
      <id>7616</id>
    </process>
    <module>C:\WINDOWS\WinSxS\x86_microsoft.vc80.crt_1fc8b3b9a1e18e3b_8.0.50727.6195_none_d09154e044272b9a\MSVCR80.dll</module>
    <address>0023:5A144500</address>
    <function>
      <name>strlen</name>
      <offset>48</offset>
    </function>
    <file></file>
    <line>
      <number></number>
      <offset></offset>
    </line>
  </error>
  <usermsg>Crash</usermsg>
  <syserror>
    <code></code>
    <description></description>
  </syserror>
  <registers>
    <eax>0x02A671DC</eax>
    <ebx>0x00000000</ebx>
    <ecx>0x00000000</ecx>
    <edx>0x0045444F</edx>
    <esi>0x02A671DC</esi>
    <edi>0x1149C138</edi>
    <esp>0x02A67158</esp>
    <ebp>0x02A6AC40</ebp>
    <eip>0x5A144500</eip>
    <cs>0x0023</cs>
    <ds>0x002B</ds>
    <ss>0x002B</ss>
    <es>0x002B</es>
    <fs>0x0053</fs>
    <gs>0x002B</gs>
    <eflags>0x00010246</eflags>
  </registers>
  <cpus>
    <number>8</number>
    <architecture>Intel</architecture>
    <cpu>
      <id>Intel64 Family 6 Model 94 Stepping 3</id>
      <speed>3408</speed>
      <description>Intel(R) Core(TM) i7-6700 CPU @ 3.40GHz</description>
    </cpu>
    <cpu>
      <id>Intel64 Family 6 Model 94 Stepping 3</id>
      <speed>3408</speed>
      <description>Intel(R) Core(TM) i7-6700 CPU @ 3.40GHz</description>
    </cpu>
    <cpu>
      <id>Intel64 Family 6 Model 94 Stepping 3</id>
      <speed>3408</speed>
      <description>Intel(R) Core(TM) i7-6700 CPU @ 3.40GHz</description>
    </cpu>
    <cpu>
      <id>Intel64 Family 6 Model 94 Stepping 3</id>
      <speed>3408</speed>
      <description>Intel(R) Core(TM) i7-6700 CPU @ 3.40GHz</description>
    </cpu>
    <cpu>
      <id>Intel64 Family 6 Model 94 Stepping 3</id>
      <speed>3408</speed>
      <description>Intel(R) Core(TM) i7-6700 CPU @ 3.40GHz</description>
    </cpu>
    <cpu>
      <id>Intel64 Family 6 Model 94 Stepping 3</id>
      <speed>3408</speed>
      <description>Intel(R) Core(TM) i7-6700 CPU @ 3.40GHz</description>
    </cpu>
    <cpu>
      <id>Intel64 Family 6 Model 94 Stepping 3</id>
      <speed>3408</speed>
      <description>Intel(R) Core(TM) i7-6700 CPU @ 3.40GHz</description>
    </cpu>
    <cpu>
      <id>Intel64 Family 6 Model 94 Stepping 3</id>
      <speed>3408</speed>
      <description>Intel(R) Core(TM) i7-6700 CPU @ 3.40GHz</description>
    </cpu>
  </cpus>
  <os>
    <version>Unknown</version>
    <spack>Service Pack 1</spack>
    <build>7601</build>
  </os>
  <memory>
    <load>20</load>
    <totalphys>4294967295</totalphys>
    <availphys>4294967295</availphys>
    <totalpage>4294967295</totalpage>
    <availpage>4294967295</availpage>
  </memory>
  <threads>
    <thread>
      <id>2040</id>
      <status>interrupted</status>
      <stack>
        <frame>
          <module>C:\WINDOWS\WinSxS\x86_microsoft.vc80.crt_1fc8b3b9a1e18e3b_8.0.50727.6195_none_d09154e044272b9a\MSVCR80.dll</module>
          <address>0023:5A144500</address>
          <function>
            <name>strlen</name>
            <offset>48</offset>
          </function>
          <file></file>
          <line>
            <number></number>
            <offset></offset>
          </line>
        </frame>
        <frame>
          <module>C:\Cadence\SPB_16.6\tools\fet\bin\conceptHDL.exe</module>
          <address>0023:006A90BF</address>
          <function>
            <name>ToolBtnCombo::GetButtonClass</name>
            <offset>514223</offset>
          </function>
          <file></file>
          <line>
            <number></number>
            <offset></offset>
          </line>
        </frame>
        <frame>
          <module>C:\Cadence\SPB_16.6\tools\fet\bin\conceptHDL.exe</module>
          <address>0023:00664C49</address>
          <function>
            <name>ToolBtnCombo::GetButtonClass</name>
            <offset>234553</offset>
          </function>
          <file></file>
          <line>
            <number></number>
            <offset></offset>
          </line>
        </frame>
        <frame>
          <module>C:\WINDOWS\SysWOW64\ntdll.dll</module>
          <address>0023:77AD9CE6</address>
          <function>
            <name>RtlRegisterThreadWithCsrss</name>
            <offset>196</offset>
          </function>
          <file></file>
          <line>
            <number></number>
            <offset></offset>
          </line>
        </frame>
        <frame>
          <module>C:\WINDOWS\SysWOW64\ntdll.dll</module>
          <address>0023:77AD33D7</address>
          <function>
            <name>RtlQueryPerformanceCounter</name>
            <offset>2691</offset>
          </function>
          <file></file>
          <line>
            <number></number>
            <offset></offset>
          </line>
        </frame>
        <frame>
          <module>C:\WINDOWS\SysWOW64\ntdll.dll</module>
          <address>0023:77AD3001</address>
          <function>
            <name>RtlQueryPerformanceCounter</name>
            <offset>1709</offset>
          </function>
          <file></file>
          <line>
            <number></number>
            <offset></offset>
          </line>
        </frame>
        <frame>
          <module>C:\WINDOWS\WinSxS\x86_microsoft.vc80.crt_1fc8b3b9a1e18e3b_8.0.50727.6195_none_d09154e044272b9a\MSVCR80.dll</module>
          <address>0023:5A142063</address>
          <function>
            <name>vfwprintf_p</name>
            <offset>2618</offset>
          </function>
          <file></file>
          <line>
            <number></number>
            <offset></offset>
          </line>
        </frame>
      </stack>
    </thread>
    <thread>
      <id>7144</id>
      <status>running</status>
      <stack>
        <frame>
          <module>C:\WINDOWS\SysWOW64\ntdll.dll</module>
          <address>0023:77ABF8E1</address>
          <function>
            <name>NtWaitForSingleObject</name>
            <offset>21</offset>
          </function>
          <file></file>
          <line>
            <number></number>
            <offset></offset>
          </line>
        </frame>
        <frame>
          <module>C:\WINDOWS\syswow64\kernel32.dll</module>
          <address>0023:76BE1194</address>
          <function>
            <name>WaitForSingleObjectEx</name>
            <offset>67</offset>
          </function>
          <file></file>
          <line>
            <number></number>
            <offset></offset>
          </line>
        </frame>
        <frame>
          <module>C:\WINDOWS\syswow64\kernel32.dll</module>
          <address>0023:76BE1148</address>
          <function>
            <name>WaitForSingleObject</name>
            <offset>18</offset>
          </function>
          <file></file>
          <line>
            <number></number>
            <offset></offset>
          </line>
        </frame>
        <frame>
          <module>C:\Cadence\SPB_16.6\tools\bin\CrashReportDll.dll</module>
          <address>0023:075617C1</address>
          <function>
            <name>Crash_Dump_PostErrHandler</name>
            <offset>257</offset>
          </function>
          <file></file>
          <line>
            <number></number>
            <offset></offset>
          </line>
        </frame>
        <frame>
          <module>C:\Cadence\SPB_16.6\tools\bin\CrashReportDll.dll</module>
          <address>0023:07561A3B</address>
          <function>
            <name>BT_SehFilter</name>
            <offset>11</offset>
          </function>
          <file></file>
          <line>
            <number></number>
            <offset></offset>
          </line>
        </frame>
        <frame>
          <module>C:\WINDOWS\SysWOW64\ntdll.dll</module>
          <address>0023:77B15B67</address>
          <function>
            <name>RtlKnownExceptionFilter</name>
            <offset>183</offset>
          </function>
          <file></file>
          <line>
            <number></number>
            <offset></offset>
          </line>
        </frame>
        <frame>
          <module>C:\WINDOWS\SysWOW64\ntdll.dll</module>
          <address>0023:77AD98D5</address>
          <function>
            <name>RtlInitializeExceptionChain</name>
            <offset>54</offset>
          </function>
          <file></file>
          <line>
            <number></number>
            <offset></offset>
          </line>
        </frame>
      </stack>
    </thread>
    <thread>
      <id>5708</id>
      <status>running</status>
      <stack>
        <frame>
          <module>C:\WINDOWS\SysWOW64\ntdll.dll</module>
          <address>0023:77AC016D</address>
          <function>
            <name>NtWaitForMultipleObjects</name>
            <offset>21</offset>
          </function>
          <file></file>
          <line>
            <number></number>
            <offset></offset>
          </line>
        </frame>
        <frame>
          <module>C:\WINDOWS\syswow64\kernel32.dll</module>
          <address>0023:76BE338A</address>
          <function>
            <name>BaseThreadInitThunk</name>
            <offset>18</offset>
          </function>
          <file></file>
          <line>
            <number></number>
            <offset></offset>
          </line>
        </frame>
        <frame>
          <module>C:\WINDOWS\SysWOW64\ntdll.dll</module>
          <address>0023:77AD9902</address>
          <function>
            <name>RtlInitializeExceptionChain</name>
            <offset>99</offset>
          </function>
          <file></file>
          <line>
            <number></number>
            <offset></offset>
          </line>
        </frame>
        <frame>
          <module>C:\WINDOWS\SysWOW64\ntdll.dll</module>
          <address>0023:77AD98D5</address>
          <function>
            <name>RtlInitializeExceptionChain</name>
            <offset>54</offset>
          </function>
          <file></file>
          <line>
            <number></number>
            <offset></offset>
          </line>
        </frame>
      </stack>
    </thread>
    <thread>
      <id>8892</id>
      <status>running</status>
      <stack>
        <frame>
          <module>C:\WINDOWS\SysWOW64\ntdll.dll</module>
          <address>0023:77ABF969</address>
          <function>
            <name>ZwRemoveIoCompletion</name>
            <offset>21</offset>
          </function>
          <file></file>
          <line>
            <number></number>
            <offset></offset>
          </line>
        </frame>
        <frame>
          <module>C:\WINDOWS\syswow64\kernel32.dll</module>
          <address>0023:76BE338A</address>
          <function>
            <name>BaseThreadInitThunk</name>
            <offset>18</offset>
          </function>
          <file></file>
          <line>
            <number></number>
            <offset></offset>
          </line>
        </frame>
        <frame>
          <module>C:\WINDOWS\SysWOW64\ntdll.dll</module>
          <address>0023:77AD9902</address>
          <function>
            <name>RtlInitializeExceptionChain</name>
            <offset>99</offset>
          </function>
          <file></file>
          <line>
            <number></number>
            <offset></offset>
          </line>
        </frame>
        <frame>
          <module>C:\WINDOWS\SysWOW64\ntdll.dll</module>
          <address>0023:77AD98D5</address>
          <function>
            <name>RtlInitializeExceptionChain</name>
            <offset>54</offset>
          </function>
          <file></file>
          <line>
            <number></number>
            <offset></offset>
          </line>
        </frame>
      </stack>
    </thread>
    <thread>
      <id>8532</id>
      <status>running</status>
      <stack>
        <frame>
          <module>C:\WINDOWS\SysWOW64\ntdll.dll</module>
          <address>0023:77AC1F56</address>
          <function>
            <name>NtWaitForWorkViaWorkerFactory</name>
            <offset>18</offset>
          </function>
          <file></file>
          <line>
            <number></number>
            <offset></offset>
          </line>
        </frame>
        <frame>
          <module>C:\WINDOWS\syswow64\kernel32.dll</module>
          <address>0023:76BE338A</address>
          <function>
            <name>BaseThreadInitThunk</name>
            <offset>18</offset>
          </function>
          <file></file>
          <line>
            <number></number>
            <offset></offset>
          </line>
        </frame>
        <frame>
          <module>C:\WINDOWS\SysWOW64\ntdll.dll</module>
          <address>0023:77AD9902</address>
          <function>
            <name>RtlInitializeExceptionChain</name>
            <offset>99</offset>
          </function>
          <file></file>
          <line>
            <number></number>
            <offset></offset>
          </line>
        </frame>
        <frame>
          <module>C:\WINDOWS\SysWOW64\ntdll.dll</module>
          <address>0023:77AD98D5</address>
          <function>
            <name>RtlInitializeExceptionChain</name>
            <offset>54</offset>
          </function>
          <file></file>
          <line>
            <number></number>
            <offset></offset>
          </line>
        </frame>
      </stack>
    </thread>
    <thread>
      <id>6364</id>
      <status>running</status>
      <stack>
        <frame>
          <module>C:\WINDOWS\SysWOW64\ntdll.dll</module>
          <address>0023:77ABF8E1</address>
          <function>
            <name>NtWaitForSingleObject</name>
            <offset>21</offset>
          </function>
          <file></file>
          <line>
            <number></number>
            <offset></offset>
          </line>
        </frame>
        <frame>
          <module>C:\WINDOWS\syswow64\kernel32.dll</module>
          <address>0023:76BE1194</address>
          <function>
            <name>WaitForSingleObjectEx</name>
            <offset>67</offset>
          </function>
          <file></file>
          <line>
            <number></number>
            <offset></offset>
          </line>
        </frame>
        <frame>
          <module>C:\WINDOWS\syswow64\kernel32.dll</module>
          <address>0023:76BE1148</address>
          <function>
            <name>WaitForSingleObject</name>
            <offset>18</offset>
          </function>
          <file></file>
          <line>
            <number></number>
            <offset></offset>
          </line>
        </frame>
        <frame>
          <module>C:\WINDOWS\system32\WINSPOOL.DRV</module>
          <address>0023:73744714</address>
          <function>
            <name>StartDocDlgW</name>
            <offset>1448</offset>
          </function>
          <file></file>
          <line>
            <number></number>
            <offset></offset>
          </line>
        </frame>
        <frame>
          <module>C:\WINDOWS\syswow64\kernel32.dll</module>
          <address>0023:76BE338A</address>
          <function>
            <name>BaseThreadInitThunk</name>
            <offset>18</offset>
          </function>
          <file></file>
          <line>
            <number></number>
            <offset></offset>
          </line>
        </frame>
        <frame>
          <module>C:\WINDOWS\SysWOW64\ntdll.dll</module>
          <address>0023:77AD9902</address>
          <function>
            <name>RtlInitializeExceptionChain</name>
            <offset>99</offset>
          </function>
          <file></file>
          <line>
            <number></number>
            <offset></offset>
          </line>
        </frame>
        <frame>
          <module>C:\WINDOWS\SysWOW64\ntdll.dll</module>
          <address>0023:77AD98D5</address>
          <function>
            <name>RtlInitializeExceptionChain</name>
            <offset>54</offset>
          </function>
          <file></file>
          <line>
            <number></number>
            <offset></offset>
          </line>
        </frame>
      </stack>
    </thread>
    <thread>
      <id>8352</id>
      <status>running</status>
      <stack>
        <frame>
          <module>C:\WINDOWS\SysWOW64\ntdll.dll</module>
          <address>0023:77AC1F56</address>
          <function>
            <name>NtWaitForWorkViaWorkerFactory</name>
            <offset>18</offset>
          </function>
          <file></file>
          <line>
            <number></number>
            <offset></offset>
          </line>
        </frame>
        <frame>
          <module>C:\WINDOWS\syswow64\kernel32.dll</module>
          <address>0023:76BE338A</address>
          <function>
            <name>BaseThreadInitThunk</name>
            <offset>18</offset>
          </function>
          <file></file>
          <line>
            <number></number>
            <offset></offset>
          </line>
        </frame>
        <frame>
          <module>C:\WINDOWS\SysWOW64\ntdll.dll</module>
          <address>0023:77AD9902</address>
          <function>
            <name>RtlInitializeExceptionChain</name>
            <offset>99</offset>
          </function>
          <file></file>
          <line>
            <number></number>
            <offset></offset>
          </line>
        </frame>
        <frame>
          <module>C:\WINDOWS\SysWOW64\ntdll.dll</module>
          <address>0023:77AD98D5</address>
          <function>
            <name>RtlInitializeExceptionChain</name>
            <offset>54</offset>
          </function>
          <file></file>
          <line>
            <number></number>
            <offset></offset>
          </line>
        </frame>
      </stack>
    </thread>
    <thread>
      <id>1264</id>
      <status>running</status>
      <stack>
        <frame>
          <module>C:\WINDOWS\SysWOW64\ntdll.dll</module>
          <address>0023:77AC1F56</address>
          <function>
            <name>NtWaitForWorkViaWorkerFactory</name>
            <offset>18</offset>
          </function>
          <file></file>
          <line>
            <number></number>
            <offset></offset>
          </line>
        </frame>
        <frame>
          <module>C:\WINDOWS\syswow64\kernel32.dll</module>
          <address>0023:76BE338A</address>
          <function>
            <name>BaseThreadInitThunk</name>
            <offset>18</offset>
          </function>
          <file></file>
          <line>
            <number></number>
            <offset></offset>
          </line>
        </frame>
        <frame>
          <module>C:\WINDOWS\SysWOW64\ntdll.dll</module>
          <address>0023:77AD9902</address>
          <function>
            <name>RtlInitializeExceptionChain</name>
            <offset>99</offset>
          </function>
          <file></file>
          <line>
            <number></number>
            <offset></offset>
          </line>
        </frame>
        <frame>
          <module>C:\WINDOWS\SysWOW64\ntdll.dll</module>
          <address>0023:77AD98D5</address>
          <function>
            <name>RtlInitializeExceptionChain</name>
            <offset>54</offset>
          </function>
          <file></file>
          <line>
            <number></number>
            <offset></offset>
          </line>
        </frame>
      </stack>
    </thread>
  </threads>
  <cmdline>conceptHDL.exe -proj "P:\cad\designs\uob-hep-pc053a\trunk\design_files\pc053a_toplevel.cpm" -product "Concept_HDL_studio" "Allegro_TeamDesign_Auth_Option" "PSpiceStudio" -mpssession phpgb_ProjectMgr24097 -mpshost IT062971</cmdline>
  <curdir>P:\cad\designs\uob-hep-pc053a\trunk\design_files</curdir>
  <environment>
    <variable>
      <name></name>
      <value>C:=C:\Cadence\SPB_16.6\share\cdssetup\lman</value>
    </variable>
    <variable>
      <name></name>
      <value>P:=P:\cad\designs\uob-hep-pc053a\trunk\design_files</value>
    </variable>
    <variable>
      <name>ADE_CS_LOADCON</name>
      <value>FALSE</value>
    </variable>
    <variable>
      <name>ADSK_CLM_WPAD_PROXY_CHECK</name>
      <value>FALSE</value>
    </variable>
    <variable>
      <name>ALLEGRO_SITE</name>
      <value>C:\Cadence\SPB_16.6\share\local\pcb</value>
    </variable>
    <variable>
      <name>ALLUSERSPROFILE</name>
      <value>C:\ProgramData</value>
    </variable>
    <variable>
      <name>APPDATA</name>
      <value>C:\Users\phpgb\AppData\Roaming</value>
    </variable>
    <variable>
      <name>BRIS_CDSLIB</name>
      <value>P:\cad\bris_cdslib\lib_psd14.x</value>
    </variable>
    <variable>
      <name>CDSROOT</name>
      <value>C:\Cadence\SPB_16.6</value>
    </variable>
    <variable>
      <name>CDS_ARCH</name>
      <value>WIN32</value>
    </variable>
    <variable>
      <name>CDS_CONCEPT_HDL</name>
      <value>on</value>
    </variable>
    <variable>
      <name>CDS_HPF_THIN_WEIGHT</name>
      <value></value>
    </variable>
    <variable>
      <name>CDS_HPF_WIDE_WEIGHT</name>
      <value></value>
    </variable>
    <variable>
      <name>CDS_LIC_FILE</name>
      <value>5280@asimov.phy.bris.ac.uk</value>
    </variable>
    <variable>
      <name>CDS_LIC_ONLY</name>
      <value>1</value>
    </variable>
    <variable>
      <name>CDS_LOADING_DESIGN</name>
      <value>1</value>
    </variable>
    <variable>
      <name>CDS_MPS_HOST</name>
      <value>IT062971</value>
    </variable>
    <variable>
      <name>CDS_MPS_SESSION</name>
      <value>phpgb_ProjectMgr24097</value>
    </variable>
    <variable>
      <name>CDS_PSPOCC_MODE</name>
      <value>TRUE</value>
    </variable>
    <variable>
      <name>CDS_SIS_SESSION_ID</name>
      <value>7616</value>
    </variable>
    <variable>
      <name>CERN_CDSLIB</name>
      <value>P:\cad\cern_cdslib</value>
    </variable>
    <variable>
      <name>CERN_CDS_PADS</name>
      <value>P:\cad\cern_cdslib\lib_psd16.x\allegro_libs\pe_allegro_lib\padstacks</value>
    </variable>
    <variable>
      <name>CERN_CDS_SYMBOLS</name>
      <value>P:\cad\cern_cdslib\lib_psd16.x\allegro_libs\pe_allegro_lib\symbols</value>
    </variable>
    <variable>
      <name>CHDL_LIB_INST_DIR</name>
      <value>C:\Cadence\SPB_16.6</value>
    </variable>
    <variable>
      <name>CLASSPATH</name>
      <value>C:\Cadence\SPB_16.6\share\java\lman.jar;</value>
    </variable>
    <variable>
      <name>CM_TDD_MERGE</name>
      <value>TRUE</value>
    </variable>
    <variable>
      <name>CommonProgramFiles</name>
      <value>C:\Program Files (x86)\Common Files</value>
    </variable>
    <variable>
      <name>CommonProgramFiles(x86)</name>
      <value>C:\Program Files (x86)\Common Files</value>
    </variable>
    <variable>
      <name>CommonProgramW6432</name>
      <value>C:\Program Files\Common Files</value>
    </variable>
    <variable>
      <name>COMPUTERNAME</name>
      <value>IT062971</value>
    </variable>
    <variable>
      <name>ComSpec</name>
      <value>C:\WINDOWS\system32\cmd.exe</value>
    </variable>
    <variable>
      <name>CONCEPT_INST_DIR</name>
      <value>C:\Cadence\SPB_16.6</value>
    </variable>
    <variable>
      <name>FP_NO_HOST_CHECK</name>
      <value>NO</value>
    </variable>
    <variable>
      <name>HOME</name>
      <value>C:\SPB_Data</value>
    </variable>
    <variable>
      <name>HOMEDRIVE</name>
      <value>O:</value>
    </variable>
    <variable>
      <name>HOMEPATH</name>
      <value>\</value>
    </variable>
    <variable>
      <name>HOMESHARE</name>
      <value>\\ads.bris.ac.uk\filestore\myfiles\Staff3\phpgb</value>
    </variable>
    <variable>
      <name>IVIROOTDIR32</name>
      <value>C:\Program Files (x86)\IVI Foundation\IVI\</value>
    </variable>
    <variable>
      <name>IVIROOTDIR64</name>
      <value>C:\Program Files\IVI Foundation\IVI\</value>
    </variable>
    <variable>
      <name>KMP_DUPLICATE_LIB_OK</name>
      <value>true</value>
    </variable>
    <variable>
      <name>LOCALAPPDATA</name>
      <value>C:\Users\phpgb\AppData\Local</value>
    </variable>
    <variable>
      <name>LOGONSERVER</name>
      <value>\\CSE-LOX</value>
    </variable>
    <variable>
      <name>NIEXTCCOMPILERSUPP</name>
      <value>C:\Program Files (x86)\National Instruments\Shared\ExternalCompilerSupport\C\</value>
    </variable>
    <variable>
      <name>NIIVIPATH</name>
      <value>C:\Program Files (x86)\IVI Foundation\IVI\</value>
    </variable>
    <variable>
      <name>NONPROFILEITEMSMOVE</name>
      <value>YES</value>
    </variable>
    <variable>
      <name>NUMBER_OF_PROCESSORS</name>
      <value>8</value>
    </variable>
    <variable>
      <name>OA_PLUGIN_PATH</name>
      <value>C:\Cadence\SPB_16.6\Share\oaPlugIns</value>
    </variable>
    <variable>
      <name>OMP_NUM_THREADS</name>
      <value>8</value>
    </variable>
    <variable>
      <name>OS</name>
      <value>Windows_NT</value>
    </variable>
    <variable>
      <name>OSBit</name>
      <value>64</value>
    </variable>
    <variable>
      <name>Path</name>
      <value>C:\Cadence\SPB_16.6/tools/java/bin;C:\Cadence\SPB_16.6/tools/java/bin/client;C:\Cadence\SPB_16.6/tools/jre/bin;C:\Cadence\SPB_16.6/tools/jre/bin/client;C:\yotta\python\;C:\yotta\python\Scripts;C:\ProgramData\Oracle\Java\javapath;C:\WINDOWS\system32;C:\WINDOWS;C:\WINDOWS\System32\Wbem;C:\WINDOWS\System32\WindowsPowerShell\v1.0\;C:\Program Files (x86)\MiKTeX 2.9\miktex\bin\;C:\WINDOWS\System32\WindowsPowerShell\v1.0\;C:\Program Files (x86)\Skype\Phone\;C:\Program Files\MATLAB\R2016a\runtime\win64;C:\Program Files\MATLAB\R2016a\bin;C:\Program Files (x86)\IVI Foundation\VISA\WinNT\Bin\;C:\Program Files\IVI Foundation\VISA\Win64\Bin\;C:\Program Files (x86)\Microsoft SQL Server\80\Tools\Binn\;C:\Program Files (x86)\IVI Foundation\VISA\WinNT\Bin;c:\Program Files (x86)\Microsoft SQL Server\100\Tools\Binn\;c:\Program Files (x86)\Microsoft SQL Server\100\DTS\Binn\;C:\Program Files (x86)\IVI Foundation\IVI\bin;C:\Program Files\IVI Foundation\IVI\bin;C:\Program Files (x86)\National Instruments\Motion Assistant\bin\mxwplugins;C:\Program Files\TortoiseSVN\bin;C:\Cadence\SPB_16.6\tools\pcb\bin;C:\Cadence\SPB_16.6\tools\bin;C:\Cadence\SPB_16.6\tools\libutil\bin;C:\Cadence\SPB_16.6\tools\fet\bin;C:\Cadence\SPB_16.6\tools\specctra\bin;C:\Cadence\SPB_16.6\tools\pspice;C:\Cadence\SPB_16.6\tools\capture;C:\Cadence\SPB_16.6\openaccess\bin\win32\opt;;</value>
    </variable>
    <variable>
      <name>PATHEXT</name>
      <value>.COM;.EXE;.BAT;.CMD;.VBS;.VBE;.JS;.JSE;.WSF;.WSH;.MSC</value>
    </variable>
    <variable>
      <name>Personal</name>
      <value>\\ads.bris.ac.uk\filestore\myfiles\Staff3\phpgb\Documents</value>
    </variable>
    <variable>
      <name>PROCESSOR_ARCHITECTURE</name>
      <value>x86</value>
    </variable>
    <variable>
      <name>PROCESSOR_ARCHITEW6432</name>
      <value>AMD64</value>
    </variable>
    <variable>
      <name>PROCESSOR_IDENTIFIER</name>
      <value>Intel64 Family 6 Model 94 Stepping 3, GenuineIntel</value>
    </variable>
    <variable>
      <name>PROCESSOR_LEVEL</name>
      <value>6</value>
    </variable>
    <variable>
      <name>PROCESSOR_REVISION</name>
      <value>5e03</value>
    </variable>
    <variable>
      <name>ProgramData</name>
      <value>C:\ProgramData</value>
    </variable>
    <variable>
      <name>ProgramFiles</name>
      <value>C:\Program Files (x86)</value>
    </variable>
    <variable>
      <name>ProgramFiles(x86)</name>
      <value>C:\Program Files (x86)</value>
    </variable>
    <variable>
      <name>ProgramW6432</name>
      <value>C:\Program Files</value>
    </variable>
    <variable>
      <name>PSModulePath</name>
      <value>C:\WINDOWS\system32\WindowsPowerShell\v1.0\Modules\;c:\Program Files\Microsoft Security Client\MpProvider\</value>
    </variable>
    <variable>
      <name>PUBLIC</name>
      <value>C:\Users\Public</value>
    </variable>
    <variable>
      <name>RAL_CDSLIB</name>
      <value>P:\cad\ral_cdslib\lib_psd15.x</value>
    </variable>
    <variable>
      <name>RAL_CDSLIB_PSD15</name>
      <value>P:\cad\ral_cdslib\lib_psd15.x</value>
    </variable>
    <variable>
      <name>SESSIONNAME</name>
      <value>Console</value>
    </variable>
    <variable>
      <name>SystemDrive</name>
      <value>C:</value>
    </variable>
    <variable>
      <name>SystemRoot</name>
      <value>C:\WINDOWS</value>
    </variable>
    <variable>
      <name>TEMP</name>
      <value>C:\Users\phpgb\AppData\Local\Temp</value>
    </variable>
    <variable>
      <name>TestStand</name>
      <value>C:\Program Files (x86)\National Instruments\TestStand 2014</value>
    </variable>
    <variable>
      <name>TestStand64</name>
      <value>C:\Program Files\National Instruments\TestStand 2014</value>
    </variable>
    <variable>
      <name>TestStandAppData</name>
      <value>C:\ProgramData\National Instruments\TestStand 2014 (32-bit)</value>
    </variable>
    <variable>
      <name>TestStandAppData64</name>
      <value>C:\ProgramData\National Instruments\TestStand 2014 (64-bit)</value>
    </variable>
    <variable>
      <name>TestStandBin</name>
      <value>C:\Program Files (x86)\National Instruments\TestStand 2014\Bin</value>
    </variable>
    <variable>
      <name>TestStandBin64</name>
      <value>C:\Program Files\National Instruments\TestStand 2014\Bin</value>
    </variable>
    <variable>
      <name>TestStandPublic</name>
      <value>C:\Users\Public\Documents\National Instruments\TestStand 2014 (32-bit)</value>
    </variable>
    <variable>
      <name>TestStandPublic64</name>
      <value>C:\Users\Public\Documents\National Instruments\TestStand 2014 (64-bit)</value>
    </variable>
    <variable>
      <name>TMP</name>
      <value>C:\Users\phpgb\AppData\Local\Temp</value>
    </variable>
    <variable>
      <name>UATDATA</name>
      <value>C:\WINDOWS\CCM\UATData\D9F8C395-CAB8-491d-B8AC-179A1FE1BE77</value>
    </variable>
    <variable>
      <name>UOB_DESKTOP</name>
      <value>TRUE</value>
    </variable>
    <variable>
      <name>UPDATE_PROPERTY_MERGE_LOGIC_FOR_FSP</name>
      <value>1</value>
    </variable>
    <variable>
      <name>USERDNSDOMAIN</name>
      <value>ADS.BRIS.AC.UK</value>
    </variable>
    <variable>
      <name>USERDOMAIN</name>
      <value>UOB</value>
    </variable>
    <variable>
      <name>USERDOMAIN_ROAMINGPROFILE</name>
      <value>UOB</value>
    </variable>
    <variable>
      <name>USERNAME</name>
      <value>phpgb</value>
    </variable>
    <variable>
      <name>USERPROFILE</name>
      <value>C:\Users\phpgb</value>
    </variable>
    <variable>
      <name>VXIPNPPATH</name>
      <value>C:\Program Files (x86)\IVI Foundation\VISA\</value>
    </variable>
    <variable>
      <name>VXIPNPPATH64</name>
      <value>C:\Program Files\IVI Foundation\VISA\</value>
    </variable>
    <variable>
      <name>windir</name>
      <value>C:\WINDOWS</value>
    </variable>
    <variable>
      <name>windows_tracing_flags</name>
      <value>3</value>
    </variable>
    <variable>
      <name>windows_tracing_logfile</name>
      <value>C:\BVTBin\Tests\installpackage\csilogfile.log</value>
    </variable>
    <variable>
      <name>XML4C2INTLDIR</name>
      <value>C:\Cadence\SPB_16.6//share/cdssetup/lman/intlfiles/locales</value>
    </variable>
    <variable>
      <name>YOTTA_INSTALL_LOCATION</name>
      <value>C:\yotta</value>
    </variable>
    <variable>
      <name>YOTTA_PATH</name>
      <value>;C:\yotta;C:\yotta\gcc\bin;C:\yotta\python;C:\yotta\python\Scripts;C:\yotta\cmake-3.4.0-rc3-win32-x86\bin;C:\yotta\git-scm\bin;C:\yotta\mercurial\bin;</value>
    </variable>
  </environment>
</report>