<?xml version="1.0" encoding="UTF-8" standalone="no" ?>
<?xml-stylesheet type="text/xsl" href="file:///software/CAD/Cadence/2015-16/RHELx86/SPB_16.60.055/share/pcb/consmgr/VDD/report/treeview.xsl"?>
<ConstraintDifferenceReport Path="file:///software/CAD/Cadence/2015-16/RHELx86/SPB_16.60.055/share/pcb/consmgr/VDD/report/rc" Type="Constraint Difference Report">

  <RptSummary Col1="Layout" Col2="Schematic">
    <Entry Name="Report time">Fri Sep  2 16:43:23 2016
</Entry>
    <Entry Name="Software version">v16-6-112EH_8/10/2015</Entry>
    <Entry Name="Layout">/projects/HEP_Instrumentation/cad/designs/uob-hep-pc053a/trunk/design_files/worklib/pc053a_toplevel/physical/pc053a_toplevel_23.brd</Entry>
    <Entry Name="Schematic">/projects/HEP_Instrumentation/cad/designs/uob-hep-pc053a/trunk/design_files/worklib/pc053a_toplevel/packaged/pstcmdb.dat</Entry>
    <Entry Name="Baseline File">/tmp/#Taaaaad18449.tmp</Entry>
    <Entry Name="Destination design updated">Yes</Entry>
    <Entry Name="Update Mode">Diff3</Entry>
    <Entry Name="Constraint Information">CrossSection, Electrical, Physical, Spacing, Same Net Spacing, NetClasses, Properties</Entry>
    <Entry Name="Objects with conflicts">0</Entry>
  </RptSummary>

  <Tree>
    <Item Filter="0x80000000" Name="Summary" Ref="main-summary"/>
  </Tree>

  <Summaries>
    <MainSummary ID="main-summary"/>
  </Summaries>

  <Layers>
    <Layer Name="TOP"/>
    <Layer Name="L2PWR"/>
    <Layer Name="L3GND"/>
    <Layer Name="BOTTOM"/>
  </Layers>

</ConstraintDifferenceReport>
